logPriceRatio,rHold,rTime,policyAction
0.0,10.0,10.0,2
5.0,10.0,8.0,2
-1.0,2.0,6.0,3
-8.0,0.0,4.0,1
-2.0,0.0,2.0,10
-6.0,10.0,8.0,1
-13.0,3.0,6.0,5
-19.0,1.0,4.0,5
-13.0,0.0,2.0,10
-7.0,1.0,4.0,0
-1.0,3.0,6.0,5
4.0,2.0,4.0,1
10.0,1.0,2.0,10
-7.0,2.0,4.0,7
-2.0,2.0,2.0,10
4.0,0.0,4.0,8
21.0,0.0,2.0,10
-7.0,2.0,8.0,1
-13.0,0.0,6.0,4
10.0,2.0,6.0,4
4.0,1.0,4.0,2
10.0,0.0,2.0,10
-6.0,9.0,8.0,2
-1.0,7.0,6.0,5
4.0,4.0,4.0,7
-2.0,1.0,2.0,10
16.0,1.0,4.0,10
22.0,0.0,2.0,10
-7.0,6.0,8.0,2
-13.0,2.0,6.0,7
9.0,2.0,2.0,10
-19.0,10.0,8.0,3
-25.0,9.0,6.0,5
-31.0,9.0,4.0,4
-37.0,5.0,2.0,10
-7.0,4.0,4.0,4
-13.0,2.0,2.0,10
-19.0,0.0,4.0,1
-25.0,0.0,2.0,10
-13.0,7.0,6.0,3
-7.0,5.0,4.0,4
16.0,10.0,8.0,5
22.0,7.0,6.0,4
27.0,1.0,4.0,9
5.0,3.0,8.0,6
-25.0,7.0,6.0,2
-19.0,7.0,4.0,6
-25.0,5.0,2.0,10
5.0,8.0,8.0,2
-1.0,8.0,6.0,2
5.0,4.0,4.0,6
-1.0,4.0,2.0,10
-14.0,0.0,2.0,10
-12.0,8.0,6.0,1
-19.0,2.0,4.0,3
-25.0,1.0,2.0,10
-31.0,7.0,4.0,6
-7.0,0.0,8.0,5
5.0,7.0,8.0,5
10.0,3.0,6.0,3
15.0,1.0,4.0,9
21.0,1.0,2.0,10
15.0,0.0,4.0,7
9.0,0.0,2.0,10
10.0,0.0,6.0,10
16.0,0.0,4.0,10
-13.0,1.0,2.0,10
11.0,6.0,6.0,6
16.0,2.0,4.0,5
-1.0,6.0,6.0,6
11.0,7.0,6.0,3
9.0,1.0,6.0,0
10.0,7.0,6.0,7
16.0,6.0,4.0,3
10.0,5.0,2.0,10
-19.0,4.0,4.0,8
-7.0,7.0,8.0,3
-7.0,3.0,4.0,5
-19.0,9.0,4.0,5
-13.0,8.0,2.0,10
-7.0,4.0,8.0,3
-13.0,4.0,6.0,6
3.0,0.0,4.0,7
-13.0,6.0,6.0,4
-19.0,6.0,4.0,4
-24.0,6.0,2.0,10
3.0,1.0,4.0,6
32.0,0.0,2.0,10
4.0,2.0,8.0,3
15.0,2.0,4.0,10
-2.0,0.0,6.0,1
5.0,5.0,8.0,6
10.0,4.0,6.0,5
-19.0,5.0,4.0,5
-1.0,1.0,6.0,5
4.0,1.0,8.0,3
5.0,9.0,8.0,2
10.0,1.0,6.0,10
-20.0,1.0,4.0,5
-26.0,0.0,2.0,10
-13.0,5.0,6.0,4
9.0,1.0,2.0,10
-7.0,0.0,4.0,0
-7.0,1.0,8.0,1
-43.0,9.0,4.0,6
-49.0,5.0,2.0,10
-7.0,3.0,8.0,4
-31.0,5.0,4.0,5
-37.0,2.0,2.0,10
-8.0,1.0,4.0,5
21.0,2.0,6.0,5
-7.0,5.0,8.0,3
-1.0,4.0,6.0,4
-13.0,9.0,6.0,4
-8.0,7.0,4.0,6
-14.0,2.0,6.0,3
-3.0,0.0,2.0,10
-31.0,1.0,4.0,5
4.0,0.0,8.0,8
-20.0,2.0,4.0,7
-14.0,1.0,2.0,10
-1.0,9.0,6.0,4
5.0,7.0,4.0,5
10.0,6.0,6.0,5
4.0,6.0,4.0,5
-25.0,3.0,6.0,5
-37.0,0.0,2.0,10
-13.0,1.0,6.0,0
-26.0,1.0,2.0,10
21.0,0.0,6.0,10
10.0,9.0,6.0,3
11.0,10.0,6.0,5
10.0,4.0,2.0,10
-2.0,3.0,2.0,10
-25.0,8.0,2.0,10
11.0,8.0,6.0,4
16.0,7.0,4.0,4
5.0,4.0,8.0,5
-2.0,1.0,6.0,5
-1.0,10.0,6.0,4
-7.0,6.0,4.0,5
-37.0,1.0,2.0,10
-7.0,7.0,4.0,5
-3.0,5.0,2.0,10
5.0,6.0,8.0,3
15.0,4.0,4.0,5
10.0,5.0,6.0,2
16.0,4.0,4.0,3
-2.0,7.0,2.0,10
16.0,5.0,4.0,6
10.0,3.0,2.0,10
-13.0,4.0,2.0,10
-14.0,5.0,2.0,10
4.0,3.0,4.0,3
-19.0,5.0,8.0,5
-20.0,0.0,4.0,0
21.0,5.0,2.0,10
-25.0,4.0,2.0,10
-19.0,7.0,8.0,1
-20.0,3.0,4.0,5
-26.0,3.0,2.0,10
-50.0,0.0,2.0,10
-31.0,0.0,4.0,0
10.0,2.0,2.0,10
-12.0,9.0,6.0,5
-19.0,9.0,8.0,3
-26.0,0.0,6.0,0
-32.0,0.0,4.0,0
16.0,3.0,8.0,5
-12.0,10.0,6.0,2
-19.0,3.0,4.0,5
-25.0,2.0,2.0,10
27.0,0.0,4.0,7
-25.0,7.0,2.0,10
-25.0,5.0,6.0,5
-14.0,2.0,2.0,10
-8.0,6.0,4.0,4
-15.0,1.0,2.0,10
-7.0,8.0,8.0,3
-13.0,3.0,2.0,10
-2.0,9.0,6.0,1
-8.0,8.0,4.0,2
-15.0,0.0,2.0,10
-14.0,4.0,2.0,10
22.0,1.0,2.0,10
15.0,3.0,4.0,6
21.0,3.0,2.0,10
-8.0,4.0,4.0,6
-14.0,3.0,2.0,10
22.0,6.0,6.0,3
3.0,4.0,4.0,6
16.0,7.0,8.0,4
22.0,8.0,6.0,5
38.0,3.0,4.0,5
44.0,1.0,2.0,10
-25.0,4.0,6.0,4
-1.0,5.0,6.0,4
21.0,4.0,6.0,5
-62.0,5.0,2.0,10
-1.0,3.0,2.0,10
15.0,1.0,8.0,10
9.0,0.0,6.0,10
-19.0,4.0,8.0,3
-19.0,3.0,8.0,4
-14.0,1.0,6.0,5
-14.0,0.0,6.0,2
11.0,9.0,6.0,4
5.0,8.0,4.0,4
-25.0,6.0,6.0,6
-31.0,3.0,4.0,5
21.0,2.0,2.0,10
-20.0,1.0,8.0,1
8.0,0.0,2.0,10
-8.0,3.0,4.0,8
-26.0,2.0,2.0,10
-7.0,8.0,4.0,4
27.0,4.0,4.0,7
-31.0,6.0,4.0,7
-25.0,3.0,2.0,10
16.0,8.0,4.0,6
15.0,2.0,8.0,8
-14.0,4.0,6.0,3
5.0,6.0,4.0,5
-3.0,1.0,2.0,10
-9.0,1.0,4.0,5
16.0,9.0,4.0,7
22.0,10.0,6.0,8
32.0,1.0,2.0,10
16.0,6.0,8.0,5
-26.0,1.0,6.0,4
-13.0,5.0,2.0,10
-14.0,6.0,2.0,10
-25.0,6.0,2.0,10
-2.0,6.0,6.0,4
-27.0,1.0,2.0,10
-7.0,10.0,4.0,4
16.0,4.0,8.0,4
27.0,2.0,4.0,5
-8.0,9.0,4.0,2
-14.0,7.0,2.0,10
4.0,8.0,4.0,6
-3.0,3.0,2.0,10
-13.0,6.0,2.0,10
-32.0,7.0,4.0,0
-38.0,1.0,2.0,10
-14.0,3.0,6.0,5
27.0,3.0,4.0,6
33.0,1.0,2.0,10
9.0,3.0,2.0,10
27.0,7.0,4.0,2
33.0,5.0,2.0,10
-1.0,8.0,2.0,10
16.0,9.0,8.0,4
-32.0,1.0,4.0,5
32.0,2.0,2.0,10
-3.0,5.0,6.0,8
3.0,5.0,4.0,5
9.0,4.0,2.0,10
-31.0,2.0,4.0,7
16.0,5.0,8.0,10
21.0,3.0,6.0,10
22.0,3.0,2.0,10
5.0,5.0,4.0,6
3.0,7.0,4.0,2
-3.0,2.0,2.0,10
-3.0,1.0,6.0,0
-9.0,0.0,4.0,0
32.0,2.0,6.0,10
26.0,1.0,4.0,3
-9.0,2.0,4.0,7
15.0,0.0,8.0,5
26.0,0.0,4.0,7
-19.0,8.0,8.0,4
16.0,8.0,8.0,3
-19.0,6.0,8.0,7
-20.0,2.0,8.0,1
-20.0,0.0,8.0,8
-38.0,10.0,6.0,10
-25.0,10.0,6.0,2
-14.0,10.0,6.0,9
-3.0,10.0,6.0,6
-38.0,9.0,6.0,1
-14.0,9.0,6.0,1
-3.0,9.0,6.0,2
-38.0,8.0,6.0,7
-26.0,8.0,6.0,3
-14.0,8.0,6.0,1
-3.0,8.0,6.0,8
-38.0,7.0,6.0,10
-26.0,7.0,6.0,5
-14.0,7.0,6.0,9
-3.0,7.0,6.0,9
-38.0,6.0,6.0,6
-26.0,6.0,6.0,10
-14.0,6.0,6.0,10
-3.0,6.0,6.0,10
-38.0,5.0,6.0,7
-26.0,5.0,6.0,1
-14.0,5.0,6.0,5
-38.0,4.0,6.0,0
-26.0,4.0,6.0,3
-3.0,4.0,6.0,2
-39.0,3.0,6.0,9
-26.0,3.0,6.0,2
-15.0,3.0,6.0,10
-4.0,3.0,6.0,10
-39.0,2.0,6.0,6
-26.0,2.0,6.0,2
-15.0,2.0,6.0,2
-4.0,2.0,6.0,2
-39.0,1.0,6.0,5
-15.0,1.0,6.0,7
-4.0,1.0,6.0,2
-39.0,0.0,6.0,7
-27.0,0.0,6.0,6
-15.0,0.0,6.0,1
-4.0,0.0,6.0,5
10.0,10.0,6.0,5
-25.0,8.0,6.0,2
-13.0,8.0,6.0,4
10.0,8.0,6.0,4
-2.0,2.0,6.0,0
9.0,2.0,6.0,3
21.0,10.0,6.0,10
21.0,9.0,6.0,1
-2.0,8.0,6.0,0
21.0,8.0,6.0,7
-2.0,7.0,6.0,2
21.0,7.0,6.0,9
21.0,6.0,6.0,9
-2.0,5.0,6.0,5
21.0,5.0,6.0,7
-2.0,4.0,6.0,10
-2.0,3.0,6.0,2
20.0,2.0,6.0,0
20.0,1.0,6.0,3
20.0,0.0,6.0,8
32.0,10.0,6.0,3
32.0,9.0,6.0,10
9.0,8.0,6.0,8
32.0,8.0,6.0,7
9.0,7.0,6.0,0
32.0,7.0,6.0,0
9.0,6.0,6.0,2
32.0,6.0,6.0,8
9.0,5.0,6.0,2
32.0,5.0,6.0,8
9.0,4.0,6.0,1
32.0,4.0,6.0,6
-3.0,3.0,6.0,6
9.0,3.0,6.0,10
32.0,3.0,6.0,4
31.0,1.0,6.0,7
31.0,0.0,6.0,7
-38.0,3.0,6.0,2
-38.0,2.0,6.0,7
-3.0,2.0,6.0,4
-25.0,2.0,6.0,3
21.0,1.0,6.0,10
32.0,1.0,6.0,4
-38.0,1.0,6.0,5
-3.0,0.0,6.0,4
8.0,0.0,6.0,6
32.0,0.0,6.0,6
-38.0,0.0,6.0,3
31.0,2.0,6.0,2
-57.0,10.0,4.0,10
-44.0,10.0,4.0,3
-33.0,10.0,4.0,2
-22.0,10.0,4.0,0
-57.0,9.0,4.0,2
-45.0,9.0,4.0,3
-33.0,9.0,4.0,5
-22.0,9.0,4.0,5
-57.0,8.0,4.0,4
-45.0,8.0,4.0,9
-33.0,8.0,4.0,7
-22.0,8.0,4.0,0
-57.0,7.0,4.0,9
-45.0,7.0,4.0,9
-33.0,7.0,4.0,5
-22.0,7.0,4.0,8
-57.0,6.0,4.0,1
-45.0,6.0,4.0,1
-33.0,6.0,4.0,5
-22.0,6.0,4.0,2
-57.0,5.0,4.0,10
-45.0,5.0,4.0,9
-33.0,5.0,4.0,10
-22.0,5.0,4.0,9
-58.0,4.0,4.0,9
-45.0,4.0,4.0,10
-33.0,4.0,4.0,6
-22.0,4.0,4.0,1
-58.0,3.0,4.0,6
-45.0,3.0,4.0,7
-34.0,3.0,4.0,6
-23.0,3.0,4.0,2
-58.0,2.0,4.0,2
-45.0,2.0,4.0,4
-34.0,2.0,4.0,2
-23.0,2.0,4.0,0
-58.0,1.0,4.0,5
-46.0,1.0,4.0,4
-34.0,1.0,4.0,8
-23.0,1.0,4.0,0
-58.0,0.0,4.0,2
-46.0,0.0,4.0,10
-34.0,0.0,4.0,1
-23.0,0.0,4.0,7
-31.0,10.0,4.0,3
-20.0,10.0,4.0,7
-9.0,10.0,4.0,2
-44.0,9.0,4.0,10
-32.0,9.0,4.0,2
-20.0,9.0,4.0,2
-9.0,9.0,4.0,3
-44.0,8.0,4.0,5
-32.0,8.0,4.0,1
-20.0,8.0,4.0,9
-9.0,8.0,4.0,10
-44.0,7.0,4.0,4
-20.0,7.0,4.0,2
-9.0,7.0,4.0,1
-44.0,6.0,4.0,4
-32.0,6.0,4.0,4
-20.0,6.0,4.0,3
-9.0,6.0,4.0,10
-44.0,5.0,4.0,5
-32.0,5.0,4.0,2
-20.0,5.0,4.0,7
-9.0,5.0,4.0,10
-44.0,4.0,4.0,10
-32.0,4.0,4.0,2
-20.0,4.0,4.0,3
-9.0,4.0,4.0,2
-32.0,3.0,4.0,5
-21.0,3.0,4.0,3
-10.0,3.0,4.0,7
-32.0,2.0,4.0,7
-21.0,2.0,4.0,6
-10.0,2.0,4.0,4
-45.0,1.0,4.0,4
-21.0,1.0,4.0,3
-10.0,1.0,4.0,3
-45.0,0.0,4.0,0
-33.0,0.0,4.0,1
-21.0,0.0,4.0,5
-10.0,0.0,4.0,2
2.0,10.0,4.0,7
2.0,9.0,4.0,5
-21.0,8.0,4.0,1
2.0,8.0,4.0,4
-21.0,7.0,4.0,7
2.0,7.0,4.0,0
-21.0,6.0,4.0,9
2.0,6.0,4.0,7
-21.0,5.0,4.0,1
2.0,5.0,4.0,9
-21.0,4.0,4.0,9
2.0,4.0,4.0,9
1.0,3.0,4.0,2
1.0,2.0,4.0,8
1.0,1.0,4.0,1
1.0,0.0,4.0,5
13.0,10.0,4.0,8
13.0,9.0,4.0,7
-10.0,8.0,4.0,5
13.0,8.0,4.0,3
-10.0,7.0,4.0,7
13.0,7.0,4.0,1
-10.0,6.0,4.0,2
13.0,6.0,4.0,10
-10.0,5.0,4.0,0
13.0,5.0,4.0,3
-10.0,4.0,4.0,8
13.0,4.0,4.0,6
-22.0,3.0,4.0,9
2.0,3.0,4.0,9
13.0,3.0,4.0,4
12.0,2.0,4.0,4
12.0,1.0,4.0,1
12.0,0.0,4.0,2
-57.0,4.0,4.0,6
-57.0,3.0,4.0,8
-33.0,3.0,4.0,0
-31.0,8.0,4.0,4
-44.0,3.0,4.0,6
-9.0,3.0,4.0,5
-44.0,2.0,4.0,7
-33.0,2.0,4.0,2
2.0,2.0,4.0,4
-22.0,2.0,4.0,3
13.0,2.0,4.0,7
2.0,1.0,4.0,8
13.0,1.0,4.0,8
-57.0,2.0,4.0,8
-33.0,1.0,4.0,8
-22.0,0.0,4.0,5
-11.0,0.0,4.0,9
-22.0,1.0,4.0,3
2.0,0.0,4.0,1
13.0,0.0,4.0,4
-57.0,1.0,4.0,9
-57.0,0.0,4.0,10
12.0,3.0,4.0,10
-11.0,1.0,4.0,6
-18.0,10.0,4.0,6
4.0,10.0,4.0,3
-18.0,9.0,4.0,6
-7.0,9.0,4.0,5
4.0,9.0,4.0,9
-19.0,8.0,4.0,4
4.0,7.0,4.0,6
4.0,5.0,4.0,5
-31.0,4.0,4.0,6
3.0,3.0,4.0,7
-8.0,2.0,4.0,7
3.0,2.0,4.0,9
15.0,10.0,4.0,10
15.0,9.0,4.0,10
15.0,8.0,4.0,8
15.0,7.0,4.0,7
15.0,6.0,4.0,0
-8.0,5.0,4.0,5
15.0,5.0,4.0,9
14.0,2.0,4.0,8
14.0,1.0,4.0,10
14.0,0.0,4.0,1
26.0,10.0,4.0,2
26.0,9.0,4.0,5
3.0,8.0,4.0,6
26.0,8.0,4.0,7
26.0,7.0,4.0,10
3.0,6.0,4.0,6
26.0,6.0,4.0,3
26.0,5.0,4.0,0
26.0,4.0,4.0,2
26.0,3.0,4.0,0
25.0,2.0,4.0,9
25.0,1.0,4.0,2
25.0,0.0,4.0,4
-18.0,8.0,4.0,4
26.0,2.0,4.0,0
-44.0,1.0,4.0,5
-44.0,0.0,4.0,0
37.0,10.0,4.0,4
37.0,9.0,4.0,5
14.0,8.0,4.0,8
37.0,8.0,4.0,5
14.0,7.0,4.0,0
37.0,7.0,4.0,10
14.0,6.0,4.0,8
37.0,6.0,4.0,0
14.0,5.0,4.0,6
37.0,5.0,4.0,2
14.0,4.0,4.0,1
37.0,4.0,4.0,9
14.0,3.0,4.0,0
37.0,3.0,4.0,10
37.0,2.0,4.0,4
36.0,1.0,4.0,7
36.0,0.0,4.0,4
37.0,1.0,4.0,5
37.0,0.0,4.0,7
36.0,2.0,4.0,5
48.0,10.0,4.0,9
48.0,9.0,4.0,6
25.0,8.0,4.0,4
48.0,8.0,4.0,0
25.0,7.0,4.0,3
48.0,7.0,4.0,10
25.0,6.0,4.0,4
48.0,6.0,4.0,2
25.0,5.0,4.0,5
48.0,5.0,4.0,2
25.0,4.0,4.0,1
48.0,4.0,4.0,2
25.0,3.0,4.0,8
48.0,3.0,4.0,6
48.0,2.0,4.0,10
47.0,1.0,4.0,8
47.0,0.0,4.0,8
48.0,1.0,4.0,0
48.0,0.0,4.0,0
24.0,0.0,4.0,5
-18.0,7.0,4.0,6
47.0,2.0,4.0,6
-76.0,10.0,2.0,10
-63.0,10.0,2.0,10
-52.0,10.0,2.0,10
-41.0,10.0,2.0,10
-76.0,9.0,2.0,10
-64.0,9.0,2.0,10
-52.0,9.0,2.0,10
-41.0,9.0,2.0,10
-76.0,8.0,2.0,10
-64.0,8.0,2.0,10
-52.0,8.0,2.0,10
-41.0,8.0,2.0,10
-76.0,7.0,2.0,10
-64.0,7.0,2.0,10
-52.0,7.0,2.0,10
-41.0,7.0,2.0,10
-76.0,6.0,2.0,10
-64.0,6.0,2.0,10
-52.0,6.0,2.0,10
-41.0,6.0,2.0,10
-76.0,5.0,2.0,10
-64.0,5.0,2.0,10
-52.0,5.0,2.0,10
-41.0,5.0,2.0,10
-77.0,4.0,2.0,10
-64.0,4.0,2.0,10
-53.0,4.0,2.0,10
-42.0,4.0,2.0,10
-77.0,3.0,2.0,10
-64.0,3.0,2.0,10
-53.0,3.0,2.0,10
-42.0,3.0,2.0,10
-77.0,2.0,2.0,10
-64.0,2.0,2.0,10
-53.0,2.0,2.0,10
-42.0,2.0,2.0,10
-77.0,1.0,2.0,10
-65.0,1.0,2.0,10
-53.0,1.0,2.0,10
-42.0,1.0,2.0,10
-77.0,0.0,2.0,10
-65.0,0.0,2.0,10
-53.0,0.0,2.0,10
-42.0,0.0,2.0,10
-50.0,10.0,2.0,10
-39.0,10.0,2.0,10
-28.0,10.0,2.0,10
-63.0,9.0,2.0,10
-51.0,9.0,2.0,10
-39.0,9.0,2.0,10
-28.0,9.0,2.0,10
-63.0,8.0,2.0,10
-51.0,8.0,2.0,10
-39.0,8.0,2.0,10
-28.0,8.0,2.0,10
-63.0,7.0,2.0,10
-51.0,7.0,2.0,10
-39.0,7.0,2.0,10
-28.0,7.0,2.0,10
-63.0,6.0,2.0,10
-51.0,6.0,2.0,10
-39.0,6.0,2.0,10
-28.0,6.0,2.0,10
-63.0,5.0,2.0,10
-51.0,5.0,2.0,10
-39.0,5.0,2.0,10
-28.0,5.0,2.0,10
-51.0,4.0,2.0,10
-40.0,4.0,2.0,10
-29.0,4.0,2.0,10
-51.0,3.0,2.0,10
-40.0,3.0,2.0,10
-29.0,3.0,2.0,10
-51.0,2.0,2.0,10
-40.0,2.0,2.0,10
-29.0,2.0,2.0,10
-64.0,1.0,2.0,10
-52.0,1.0,2.0,10
-40.0,1.0,2.0,10
-29.0,1.0,2.0,10
-64.0,0.0,2.0,10
-52.0,0.0,2.0,10
-40.0,0.0,2.0,10
-29.0,0.0,2.0,10
-17.0,10.0,2.0,10
-40.0,9.0,2.0,10
-17.0,9.0,2.0,10
-40.0,8.0,2.0,10
-17.0,8.0,2.0,10
-40.0,7.0,2.0,10
-17.0,7.0,2.0,10
-40.0,6.0,2.0,10
-17.0,6.0,2.0,10
-40.0,5.0,2.0,10
-17.0,5.0,2.0,10
-52.0,4.0,2.0,10
-28.0,4.0,2.0,10
-17.0,4.0,2.0,10
-18.0,3.0,2.0,10
-18.0,2.0,2.0,10
-18.0,1.0,2.0,10
-41.0,0.0,2.0,10
-18.0,0.0,2.0,10
-6.0,10.0,2.0,10
-29.0,9.0,2.0,10
-6.0,9.0,2.0,10
-29.0,8.0,2.0,10
-6.0,8.0,2.0,10
-29.0,7.0,2.0,10
-6.0,7.0,2.0,10
-29.0,6.0,2.0,10
-6.0,6.0,2.0,10
-29.0,5.0,2.0,10
-6.0,5.0,2.0,10
-41.0,4.0,2.0,10
-6.0,4.0,2.0,10
-7.0,3.0,2.0,10
-7.0,2.0,2.0,10
-7.0,1.0,2.0,10
-30.0,0.0,2.0,10
-7.0,0.0,2.0,10
-76.0,4.0,2.0,10
-76.0,3.0,2.0,10
-52.0,3.0,2.0,10
-41.0,3.0,2.0,10
-65.0,2.0,2.0,10
-52.0,2.0,2.0,10
-41.0,2.0,2.0,10
-30.0,2.0,2.0,10
-41.0,1.0,2.0,10
-30.0,1.0,2.0,10
-28.0,3.0,2.0,10
-17.0,3.0,2.0,10
-6.0,3.0,2.0,10
-17.0,2.0,2.0,10
-6.0,2.0,2.0,10
-28.0,2.0,2.0,10
-17.0,1.0,2.0,10
-6.0,1.0,2.0,10
-76.0,2.0,2.0,10
-28.0,1.0,2.0,10
-17.0,0.0,2.0,10
-6.0,0.0,2.0,10
-76.0,1.0,2.0,10
-76.0,0.0,2.0,10
-28.0,0.0,2.0,10
-63.0,4.0,2.0,10
-39.0,4.0,2.0,10
-39.0,3.0,2.0,10
-51.0,1.0,2.0,10
-37.0,10.0,2.0,10
-26.0,10.0,2.0,10
-15.0,10.0,2.0,10
-50.0,9.0,2.0,10
-38.0,9.0,2.0,10
-26.0,9.0,2.0,10
-15.0,9.0,2.0,10
-50.0,8.0,2.0,10
-38.0,8.0,2.0,10
-26.0,8.0,2.0,10
-15.0,8.0,2.0,10
-50.0,7.0,2.0,10
-38.0,7.0,2.0,10
-26.0,7.0,2.0,10
-15.0,7.0,2.0,10
-50.0,6.0,2.0,10
-38.0,6.0,2.0,10
-26.0,6.0,2.0,10
-15.0,6.0,2.0,10
-50.0,5.0,2.0,10
-38.0,5.0,2.0,10
-26.0,5.0,2.0,10
-15.0,5.0,2.0,10
-50.0,4.0,2.0,10
-38.0,4.0,2.0,10
-26.0,4.0,2.0,10
-15.0,4.0,2.0,10
-38.0,3.0,2.0,10
-27.0,3.0,2.0,10
-16.0,3.0,2.0,10
-38.0,2.0,2.0,10
-27.0,2.0,2.0,10
-16.0,2.0,2.0,10
-16.0,1.0,2.0,10
-51.0,0.0,2.0,10
-39.0,0.0,2.0,10
-27.0,0.0,2.0,10
-16.0,0.0,2.0,10
-4.0,10.0,2.0,10
-4.0,9.0,2.0,10
-27.0,8.0,2.0,10
-4.0,8.0,2.0,10
-27.0,7.0,2.0,10
-4.0,7.0,2.0,10
-27.0,6.0,2.0,10
-4.0,6.0,2.0,10
-27.0,5.0,2.0,10
-4.0,5.0,2.0,10
-27.0,4.0,2.0,10
-4.0,4.0,2.0,10
-5.0,3.0,2.0,10
-5.0,2.0,2.0,10
-5.0,1.0,2.0,10
-5.0,0.0,2.0,10
7.0,10.0,2.0,10
7.0,9.0,2.0,10
-16.0,8.0,2.0,10
7.0,8.0,2.0,10
-16.0,7.0,2.0,10
7.0,7.0,2.0,10
-16.0,6.0,2.0,10
7.0,6.0,2.0,10
-16.0,5.0,2.0,10
7.0,5.0,2.0,10
-16.0,4.0,2.0,10
7.0,4.0,2.0,10
-4.0,3.0,2.0,10
7.0,3.0,2.0,10
6.0,2.0,2.0,10
6.0,1.0,2.0,10
6.0,0.0,2.0,10
-63.0,3.0,2.0,10
-27.0,9.0,2.0,10
-16.0,9.0,2.0,10
-39.0,2.0,2.0,10
-39.0,1.0,2.0,10
-15.0,3.0,2.0,10
-15.0,2.0,2.0,10
-4.0,2.0,2.0,10
7.0,2.0,2.0,10
-63.0,2.0,2.0,10
-4.0,1.0,2.0,10
7.0,1.0,2.0,10
-63.0,1.0,2.0,10
-4.0,0.0,2.0,10
7.0,0.0,2.0,10
-63.0,0.0,2.0,10
-50.0,3.0,2.0,10
6.0,3.0,2.0,10
-38.0,0.0,2.0,10
18.0,10.0,2.0,10
18.0,9.0,2.0,10
-5.0,8.0,2.0,10
18.0,8.0,2.0,10
-5.0,7.0,2.0,10
18.0,7.0,2.0,10
-5.0,6.0,2.0,10
18.0,6.0,2.0,10
-5.0,5.0,2.0,10
18.0,5.0,2.0,10
-5.0,4.0,2.0,10
18.0,4.0,2.0,10
18.0,3.0,2.0,10
17.0,2.0,2.0,10
17.0,1.0,2.0,10
17.0,0.0,2.0,10
18.0,2.0,2.0,10
18.0,1.0,2.0,10
18.0,0.0,2.0,10
17.0,3.0,2.0,10
29.0,10.0,2.0,10
29.0,9.0,2.0,10
6.0,8.0,2.0,10
29.0,8.0,2.0,10
6.0,7.0,2.0,10
29.0,7.0,2.0,10
6.0,6.0,2.0,10
29.0,6.0,2.0,10
6.0,5.0,2.0,10
29.0,5.0,2.0,10
6.0,4.0,2.0,10
29.0,4.0,2.0,10
29.0,3.0,2.0,10
28.0,2.0,2.0,10
28.0,1.0,2.0,10
28.0,0.0,2.0,10
29.0,2.0,2.0,10
29.0,1.0,2.0,10
5.0,0.0,2.0,10
29.0,0.0,2.0,10
-37.0,9.0,2.0,10
-37.0,8.0,2.0,10
-37.0,7.0,2.0,10
-50.0,2.0,2.0,10
-50.0,1.0,2.0,10
28.0,3.0,2.0,10
5.0,1.0,2.0,10
-24.0,10.0,2.0,10
-13.0,10.0,2.0,10
-2.0,10.0,2.0,10
-24.0,9.0,2.0,10
-13.0,9.0,2.0,10
-2.0,9.0,2.0,10
-2.0,8.0,2.0,10
-13.0,7.0,2.0,10
-37.0,6.0,2.0,10
-2.0,6.0,2.0,10
-2.0,5.0,2.0,10
-37.0,4.0,2.0,10
-2.0,4.0,2.0,10
9.0,10.0,2.0,10
9.0,9.0,2.0,10
-14.0,8.0,2.0,10
9.0,8.0,2.0,10
9.0,7.0,2.0,10
9.0,6.0,2.0,10
9.0,5.0,2.0,10
8.0,2.0,2.0,10
8.0,1.0,2.0,10
20.0,10.0,2.0,10
20.0,9.0,2.0,10
-3.0,8.0,2.0,10
20.0,8.0,2.0,10
-3.0,7.0,2.0,10
20.0,7.0,2.0,10
-3.0,6.0,2.0,10
20.0,6.0,2.0,10
20.0,5.0,2.0,10
-3.0,4.0,2.0,10
20.0,4.0,2.0,10
20.0,3.0,2.0,10
19.0,2.0,2.0,10
19.0,1.0,2.0,10
19.0,0.0,2.0,10
-24.0,8.0,2.0,10
-37.0,3.0,2.0,10
20.0,2.0,2.0,10
20.0,1.0,2.0,10
20.0,0.0,2.0,10
8.0,3.0,2.0,10
19.0,3.0,2.0,10
31.0,10.0,2.0,10
31.0,9.0,2.0,10
8.0,8.0,2.0,10
31.0,8.0,2.0,10
8.0,7.0,2.0,10
31.0,7.0,2.0,10
8.0,6.0,2.0,10
31.0,6.0,2.0,10
8.0,5.0,2.0,10
31.0,5.0,2.0,10
8.0,4.0,2.0,10
31.0,4.0,2.0,10
31.0,3.0,2.0,10
31.0,2.0,2.0,10
30.0,1.0,2.0,10
30.0,0.0,2.0,10
31.0,1.0,2.0,10
31.0,0.0,2.0,10
30.0,2.0,2.0,10
42.0,10.0,2.0,10
42.0,9.0,2.0,10
19.0,8.0,2.0,10
42.0,8.0,2.0,10
19.0,7.0,2.0,10
42.0,7.0,2.0,10
19.0,6.0,2.0,10
42.0,6.0,2.0,10
19.0,5.0,2.0,10
42.0,5.0,2.0,10
19.0,4.0,2.0,10
42.0,4.0,2.0,10
42.0,3.0,2.0,10
42.0,2.0,2.0,10
41.0,1.0,2.0,10
41.0,0.0,2.0,10
42.0,1.0,2.0,10
42.0,0.0,2.0,10
41.0,2.0,2.0,10
-24.0,7.0,2.0,10
53.0,10.0,2.0,10
53.0,9.0,2.0,10
30.0,8.0,2.0,10
53.0,8.0,2.0,10
30.0,7.0,2.0,10
53.0,7.0,2.0,10
30.0,6.0,2.0,10
53.0,6.0,2.0,10
30.0,5.0,2.0,10
53.0,5.0,2.0,10
30.0,4.0,2.0,10
53.0,4.0,2.0,10
30.0,3.0,2.0,10
53.0,3.0,2.0,10
53.0,2.0,2.0,10
52.0,1.0,2.0,10
52.0,0.0,2.0,10
53.0,1.0,2.0,10
53.0,0.0,2.0,10
52.0,2.0,2.0,10
64.0,10.0,2.0,10
64.0,9.0,2.0,10
41.0,8.0,2.0,10
64.0,8.0,2.0,10
41.0,7.0,2.0,10
64.0,7.0,2.0,10
41.0,6.0,2.0,10
64.0,6.0,2.0,10
41.0,5.0,2.0,10
64.0,5.0,2.0,10
41.0,4.0,2.0,10
64.0,4.0,2.0,10
41.0,3.0,2.0,10
64.0,3.0,2.0,10
64.0,2.0,2.0,10
64.0,1.0,2.0,10
63.0,0.0,2.0,10
64.0,0.0,2.0,10
63.0,1.0,2.0,10
40.0,0.0,2.0,10
63.0,2.0,2.0,10
-96.0,0.0,0.0,10
-84.0,0.0,0.0,0
-72.0,0.0,0.0,2
-61.0,0.0,0.0,10
-83.0,0.0,0.0,8
-71.0,0.0,0.0,3
-59.0,0.0,0.0,9
-48.0,0.0,0.0,7
-60.0,0.0,0.0,6
-37.0,0.0,0.0,7
-49.0,0.0,0.0,0
-26.0,0.0,0.0,8
-36.0,0.0,0.0,6
-25.0,0.0,0.0,0
-47.0,0.0,0.0,10
-70.0,0.0,0.0,3
-58.0,0.0,0.0,2
-46.0,0.0,0.0,3
-35.0,0.0,0.0,7
-24.0,0.0,0.0,6
-13.0,0.0,0.0,5
-34.0,0.0,0.0,9
-23.0,0.0,0.0,3
-12.0,0.0,0.0,5
-82.0,0.0,0.0,1
-2.0,0.0,0.0,7
-1.0,0.0,0.0,4
9.0,0.0,0.0,1
-14.0,0.0,0.0,8
10.0,0.0,0.0,2
-95.0,0.0,0.0,0
-57.0,0.0,0.0,6
-45.0,0.0,0.0,7
-33.0,0.0,0.0,9
-22.0,0.0,0.0,8
-11.0,0.0,0.0,4
0.0,0.0,0.0,1
-21.0,0.0,0.0,5
-10.0,0.0,0.0,1
1.0,0.0,0.0,3
-69.0,0.0,0.0,1
11.0,0.0,0.0,3
12.0,0.0,0.0,0
22.0,0.0,0.0,5
23.0,0.0,0.0,3
-44.0,0.0,0.0,8
33.0,0.0,0.0,2
34.0,0.0,0.0,5
44.0,0.0,0.0,9
21.0,0.0,0.0,10
45.0,0.0,0.0,2
-32.0,0.0,0.0,5
-20.0,0.0,0.0,3
-9.0,0.0,0.0,2
2.0,0.0,0.0,4
13.0,0.0,0.0,3
-31.0,0.0,0.0,9
3.0,0.0,0.0,6
14.0,0.0,0.0,9
-56.0,0.0,0.0,4
-8.0,0.0,0.0,1
24.0,0.0,0.0,9
25.0,0.0,0.0,9
35.0,0.0,0.0,8
36.0,0.0,0.0,10
46.0,0.0,0.0,8
47.0,0.0,0.0,1
57.0,0.0,0.0,10
58.0,0.0,0.0,8
-19.0,0.0,0.0,5
68.0,0.0,0.0,7
69.0,0.0,0.0,1
80.0,0.0,0.0,3
79.0,0.0,0.0,4
56.0,0.0,0.0,2
-43.0,0.0,0.0,6
-1.0,6.0,2.0,10
-30.0,10.0,4.0,7
-25.0,9.0,2.0,10
-36.0,9.0,2.0,10
-19.0,10.0,4.0,5
-8.0,10.0,4.0,7
-13.0,10.0,6.0,5
-43.0,6.0,4.0,0
33.0,0.0,2.0,10
-1.0,5.0,2.0,10
33.0,3.0,2.0,10
22.0,9.0,6.0,5
21.0,7.0,2.0,10
5.0,10.0,4.0,5
38.0,1.0,4.0,10
28.0,9.0,4.0,8
33.0,2.0,2.0,10
10.0,6.0,2.0,10
22.0,5.0,2.0,10
10.0,9.0,2.0,10
21.0,4.0,2.0,10
5.0,9.0,4.0,6
32.0,5.0,2.0,10
-37.0,10.0,6.0,9
22.0,2.0,2.0,10
-12.0,10.0,2.0,10
-14.0,9.0,2.0,10
10.0,7.0,2.0,10
43.0,2.0,2.0,10
16.0,3.0,4.0,6
-36.0,10.0,2.0,10
-37.0,6.0,6.0,7
33.0,7.0,6.0,8
-1.0,7.0,2.0,10
27.0,8.0,4.0,4
33.0,4.0,2.0,10
27.0,6.0,4.0,7
44.0,5.0,2.0,10
-24.0,5.0,2.0,10
-25.0,10.0,2.0,10
-2.0,10.0,6.0,0
27.0,5.0,4.0,6
32.0,4.0,2.0,10
-1.0,9.0,2.0,10
44.0,3.0,2.0,10
-1.0,10.0,2.0,10
-43.0,8.0,4.0,9
38.0,0.0,4.0,9
43.0,0.0,2.0,10
-25.0,1.0,6.0,5
16.0,10.0,4.0,2
22.0,8.0,2.0,10
21.0,9.0,2.0,10
22.0,7.0,2.0,10
22.0,4.0,2.0,10
32.0,3.0,2.0,10
11.0,8.0,2.0,10
22.0,9.0,2.0,10
38.0,2.0,4.0,1
44.0,0.0,2.0,10
-62.0,0.0,2.0,10
-43.0,5.0,4.0,7
10.0,8.0,2.0,10
21.0,6.0,2.0,10
11.0,5.0,6.0,2
22.0,5.0,6.0,3
-37.0,7.0,6.0,0
44.0,2.0,2.0,10
44.0,4.0,2.0,10
38.0,5.0,4.0,3
11.0,7.0,2.0,10
-49.0,9.0,2.0,10
-49.0,4.0,2.0,10
33.0,6.0,2.0,10
-37.0,9.0,6.0,1
-37.0,8.0,6.0,4
-49.0,7.0,2.0,10
11.0,9.0,2.0,10
-43.0,7.0,4.0,9
-49.0,6.0,2.0,10
-43.0,3.0,4.0,0
-49.0,3.0,2.0,10
55.0,1.0,2.0,10
38.0,4.0,4.0,9
-43.0,4.0,4.0,4
22.0,6.0,2.0,10
17.0,9.0,4.0,5
-61.0,9.0,2.0,10
32.0,6.0,2.0,10
17.0,10.0,4.0,3
-62.0,3.0,2.0,10
33.0,6.0,6.0,7
-56.0,0.0,4.0,6
-49.0,10.0,2.0,10
-37.0,5.0,6.0,1
54.0,0.0,2.0,10
49.0,1.0,4.0,8
43.0,1.0,2.0,10
-49.0,2.0,2.0,10
49.0,0.0,4.0,5
33.0,8.0,6.0,3
22.0,10.0,2.0,10
-37.0,4.0,6.0,5
27.0,10.0,4.0,1
33.0,9.0,2.0,10
-43.0,10.0,4.0,7
-56.0,5.0,4.0,2
-62.0,4.0,2.0,10
-49.0,8.0,2.0,10
-56.0,3.0,4.0,4
-62.0,1.0,2.0,10
49.0,2.0,4.0,1
43.0,3.0,2.0,10
38.0,6.0,4.0,3
38.0,7.0,4.0,8
-56.0,1.0,4.0,7
33.0,7.0,2.0,10
-56.0,6.0,4.0,2
11.0,10.0,2.0,10
55.0,3.0,2.0,10
-56.0,7.0,4.0,4
-61.0,6.0,2.0,10
-62.0,2.0,2.0,10
55.0,2.0,2.0,10
38.0,9.0,4.0,5
33.0,9.0,6.0,8
33.0,8.0,2.0,10
28.0,10.0,4.0,8
33.0,10.0,6.0,8
55.0,0.0,2.0,10
43.0,5.0,2.0,10
-56.0,4.0,4.0,4
49.0,3.0,4.0,6
-55.0,7.0,4.0,9
38.0,8.0,4.0,1
44.0,7.0,2.0,10
32.0,7.0,2.0,10
-56.0,2.0,4.0,6
49.0,5.0,4.0,6
-55.0,9.0,4.0,7
-74.0,2.0,2.0,10
-55.0,8.0,4.0,1
43.0,4.0,2.0,10
-75.0,0.0,2.0,10
39.0,10.0,4.0,8
-74.0,4.0,2.0,10
-61.0,5.0,2.0,10
